SKID常數,한국어스킬명
ABC_ABYSS_DAGGER,어비스 대거
ABC_ABYSS_SLAYER,어비스 슬레이어
ABC_ABYSS_SQUARE,어비스 스퀘어
ABC_ABYSS_STRIKE,어비스 스트라이크
ABC_CHAIN_REACTION_SHOT,체인 리액션 샷
ABC_CHASING_BREAK,체이싱 브레이크
ABC_CHASING_SHOT,체이싱 샷
ABC_DAGGER_AND_BOW_M,단검&활 마스터리
ABC_DEFT_STAB,디프트 스탭
ABC_FRENZY_SHOT,프렌지 샷
ABC_FROM_THE_ABYSS,프롬 디 어비스
ABC_HIT_AND_SLIDING,히트 앤드 슬라이딩
ABC_MAGIC_SWORD_M,마검 마스터리
ABC_STRIP_SHADOW,스트립 쉐도우
ABC_UNLUCKY_RUSH,언럭키 러쉬
AB_ADORAMUS,아도라무스
AB_ANCILLA,안칠라
AB_CANTO,칸토 칸디두스
AB_CHEAL,콜루세오 힐
AB_CLEARANCE,클리어런스
AB_CLEMENTIA,클레멘티아
AB_CONVENIO,콘베니오
AB_DUPLELIGHT,듀플레 라이트
AB_EPICLESIS,에피클레시스
AB_EUCHARISTICA,에우카리스티카
AB_EXPIATIO,엑스피아티오
AB_HIGHNESSHEAL,하이네스 힐
AB_JUDEX,쥬덱스
AB_LAUDAAGNUS,라우다 아그누스
AB_LAUDARAMUS,라우다 라무스
AB_OFFERTORIUM,오페르토리움
AB_ORATIO,오라티오
AB_PRAEFATIO,프라에파티오
AB_RENOVATIO,레노바티오
AB_SECRAMENT,사크라멘트
AB_SILENTIUM,실렌티움
AB_VITUPERATUM,비투페라툼
AC_CHARGEARROW,차지 애로우
AC_CONCENTRATION,집중력 향상
AC_DOUBLE,더블 스트레이핑
AC_MAKINGARROW,화살 만들기
AC_OWL,올빼미의 눈
AC_SHOWER,애로우 샤워
AC_VULTURE,독수리의 눈
AG_ALL_BLOOM,올 블룸
AG_ASTRAL_STRIKE,아스트랄 스트라이크
AG_CLIMAX,클라이막스
AG_CRIMSON_ARROW,크림슨 애로우
AG_CRYSTAL_IMPACT,크리스탈 임팩트
AG_DEADLY_PROJECTION,데들리 프로젝션
AG_DESTRUCTIVE_HURRICANE,디스트럭티브 허리케인
AG_FLORAL_FLARE_ROAD,플로럴 플레어 로드
AG_FROZEN_SLASH,프로즌 슬래쉬
AG_MYSTERY_ILLUSION,미스테리 일루전
AG_RAIN_OF_CRYSTAL,레인 오브 크리스탈
AG_ROCK_DOWN,락 다운
AG_SOUL_VC_STRIKE,소울 발칸 스트라이크
AG_STORM_CANNON,스톰 캐논
AG_STRANTUM_TREMOR,스트라텀 트레머
AG_TORNADO_STORM,토네이도 스톰
AG_TWOHANDSTAFF,양손 지팡이 마스터리
AG_VIOLENT_QUAKE,바이올런트 퀘이크
ALL_ANGEL_PROTECT,천사들의 보살핌
ALL_BUYING_STORE,구매노점 개설
ALL_CATCRY,괴물의 포효
ALL_DREAM_SUMMERNIGHT,한여름 밤의 꿈
ALL_FULL_THROTTLE,풀 스로틀
ALL_GUARDIAN_RECALL,가디언 리콜
ALL_INCCARRY,소지한도 증가 R
ALL_NIFLHEIM_RECALL,니플헤임으로!
ALL_ODINS_POWER,오딘의 힘
ALL_PARTYFLEE,불어라! 꽃바람!!
ALL_PRONTERA_RECALL,프론테라로 귀환
ALL_RESURRECTION,부활
AL_ANGELUS,안젤루스
AL_BLESSING,블레싱
AL_CRUCIS,시그눔 크루시스
AL_CURE,큐어
AL_DECAGI,민첩성 감소
AL_DEMONBANE,데몬 베인
AL_DP,디바인 프로텍션
AL_HEAL,힐
AL_HOLYLIGHT,홀리 라이트
AL_HOLYWATER,아쿠아 베네딕타
AL_INCAGI,민첩성 증가
AL_PNEUMA,흐뉴마
AL_RUWACH,루아흐
AL_TELEPORT,텔레포트
AL_WARP,워프 포탈
AM_ACIDTERROR,애씨드 테러
AM_AXEMASTERY,도끼 수련
AM_BERSERKPITCHER,버서크 피쳐
AM_BIOETHICS,생명 윤리
AM_BIOTECHNOLOGY,생명공학
AM_CALLHOMUN,콜 호문클루스
AM_CANNIBALIZE,바이오 캐니벌라이즈
AM_CP_ARMOR,케미컬 프로텍트 아머
AM_CP_HELM,케미컬 프로텍트 헬름
AM_CP_SHIELD,케미컬 프로텍트 쉴드
AM_CP_WEAPON,케미컬 프로텍트 웨폰
AM_CREATECREATURE,호문클루스 창조
AM_CULTIVATION,플랜트 컬티베이션
AM_DEMONSTRATION,데몬스트레이션
AM_DRILLMASTER,타격 훈련
AM_FLAMECONTROL,플레임 컨트롤
AM_HEALHOMUN,힐 호문클루스
AM_LEARNINGPOTION,러닝 포션
AM_PHARMACY,파머시
AM_POTIONPITCHER,포션 피쳐
AM_REST,안식
AM_RESURRECTHOMUN,리저렉션 호문클루스
AM_SPHEREMINE,스피어 마인
AM_TWILIGHT1,트와일라잇 알케미 1
AM_TWILIGHT2,트와일라잇 알케미 2
AM_TWILIGHT3,트와일라잇 알케미 3
ASC_BREAKER,기공포
ASC_CDP,크리에이트 데들리 포이즌
ASC_EDP,인챈트 데들리 포이즌
ASC_KATAR,어드밴스드 카타르 연구
ASC_METEORASSAULT,메테오 어절트
AS_CLOAKING,클로킹
AS_ENCHANTPOISON,인챈트 포이즌
AS_GRIMTOOTH,그림투스
AS_KATAR,카타르 수련
AS_LEFT,왼손 수련
AS_POISONREACT,포이즌 리액트
AS_RIGHT,오른손 수련
AS_SONICACCEL,소닉 엑셀레이션
AS_SONICBLOW,소닉 블로우
AS_SPLASHER,베놈 스플래셔
AS_VENOMDUST,베놈 더스트
AS_VENOMKNIFE,베놈 나이프
All_EVENT_20TH_ANNIVERSARY,RO 20주년 폭죽
BA_APPLEIDUN,이둔의 사과
BA_ASSASSINCROSS,어새신 크로스의 석양
BA_DISSONANCE,불협화음
BA_FROSTJOKE,썰렁한 농담
BA_MUSICALLESSON,악기 다루기
BA_MUSICALSTRIKE,뮤지컬 스트라이크
BA_PANGVOICE,팽 보이스
BA_POEMBRAGI,브라기의 시
BA_WHISTLE,휘파람
BD_ADAPTATION,임기응변
BD_DRUMBATTLEFIELD,전고의 울림
BD_ENCORE,앙코르
BD_ETERNALCHAOS,영원한 혼돈
BD_INTOABYSS,심연 속으로
BD_LULLABY,자장가
BD_RAGNAROK,라그나로크
BD_RICHMANKIM,김리치맨
BD_RINGNIBELUNGEN,니벨룽겐의 반지
BD_ROKISWEIL,로키의 비명
BD_SIEGFRIED,불사신 지그프리드
BO_ACIDIFIED_ZONE_FIRE,애시디파이드 존(화)
BO_ACIDIFIED_ZONE_GROUND,애시디파이드 존(지)
BO_ACIDIFIED_ZONE_WATER,애시디파이드 존(수)
BO_ACIDIFIED_ZONE_WIND,애시디파이드 존(풍)
BO_ADVANCE_PROTECTION,어드밴스 프로텍션
BO_BIONICS_M,바이오닉스 마스터리
BO_BIONIC_PHARMACY,바이오닉 파머시
BO_CREEPER,크리퍼
BO_DUST_EXPLOSION,더스트 익스플로젼
BO_EXPLOSIVE_POWDER,익스플로시브 파우더
BO_HELLTREE,헬 트리
BO_MAYHEMIC_THORNS,메이헤믹 손즈
BO_MYSTERY_POWDER,미스테리 파우더
BO_RESEARCHREPORT,리서치 리포트
BO_THE_WHOLE_PROTECTION,더 홀 프로텍션
BO_WOODENWARRIOR,우든 워리어
BO_WOODEN_FAIRY,우든 페어리
BS_ADRENALINE,아드레날린 러쉬
BS_ADRENALINE2,풀 아드레날린 러쉬
BS_AXE,도끼 제작
BS_DAGGER,단검 제작
BS_ENCHANTEDSTONE,속성석 제작
BS_FINDINGORE,광석 발견
BS_GREED,그리드
BS_HAMMERFALL,해머 폴
BS_HILTBINDING,힐트 바인딩
BS_IRON,철 제조
BS_KNUCKLE,너클 제작
BS_MACE,둔기 제작
BS_MAXIMIZE,맥시마이즈 파워
BS_ORIDEOCON,오리데오콘 연구
BS_OVERTHRUST,오버 트러스트
BS_REPAIRWEAPON,무기 수리
BS_SKINTEMPER,스킨 템퍼링
BS_SPEAR,창 제작
BS_STEEL,강철 제조
BS_SWORD,검 제작
BS_TWOHANDSWORD,양손검 제작
BS_UNFAIRLYTRICK,불공평한 거래
BS_WEAPONPERFECT,웨폰 퍼펙션
BS_WEAPONRESEARCH,무기 연구
CD_ARBITRIUM,아르비트리움
CD_ARGUTUS_TELUM,아르구투스 텔룸
CD_ARGUTUS_VITA,아르구투스 비타
CD_BENEDICTUM,베네딕툼
CD_COMPETENTIA,콤페텐티아
CD_DILECTIO_HEAL,딜렉티오 힐
CD_EFFLIGO,에플리고
CD_FIDUS_ANIMUS,피두스 아니무스
CD_FRAMEN,프라멘
CD_MACE_BOOK_M,메이스&북 마스터리
CD_MEDIALE_VOTUM,메디알레 보툼
CD_PETITIO,페티티오
CD_PNEUMATICUS_PROCELLA,프네우마티쿠스 프로첼라
CD_PRESENS_ACIES,프레센스 아키에스
CD_RELIGIO,렐리지오
CD_REPARATIO,레파라티오
CG_ARROWVULCAN,애로우 발칸
CG_HERMODE,헤르모드의 지팡이
CG_MARIONETTE,마리오네트 컨트롤
CG_MOONLIT,달빛의 물레방앗간
CG_SPECIALSINGER,나를 구속하지 마
CG_TAROTCARD,운명의 타로카드
CH_CHAINCRUSH,체인 크러쉬 콤보
CH_PALMSTRIKE,맹호경파산
CH_SOULCOLLECT,광축기
CH_TIGERFIST,복호권
CR_ACIDDEMONSTRATION,애씨드 데몬스트레이션
CR_AUTOGUARD,오토 가드
CR_CULTIVATION,식물 재배
CR_DEFENDER,디펜더
CR_DEVOTION,헌신
CR_FULLPROTECTION,풀 케미컬 프로텍트
CR_GRANDCROSS,그랜드 크로스
CR_HOLYCROSS,홀리 크로스
CR_PROVIDENCE,프로비던스
CR_REFLECTSHIELD,리플렉트 쉴드
CR_SHIELDBOOMERANG,쉴드 부메랑
CR_SHIELDCHARGE,쉴드 차지
CR_SHRINK,쉬링크
CR_SLIMPITCHER,슬림 포션 피쳐
CR_SPEARQUICKEN,스피어 퀴큰
CR_TRUST,믿음
DC_DANCINGLESSON,춤 연습
DC_DONTFORGETME,나를 잊지 말아요
DC_FORTUNEKISS,행운의 키스
DC_HUMMING,흥얼거림
DC_SCREAM,비명지르기
DC_SERVICEFORYOU,당신을 위한 서비스
DC_THROWARROW,화살 감아 던지기
DC_UGLYDANCE,추한 춤
DC_WINKCHARM,윙크의 매혹
DK_CHARGINGPIERCE,차징 피어스
DK_DRAGONIC_AURA,드래고닉 오라
DK_DRAGONIC_BREATH,드래고닉 브레스
DK_HACKANDSLASHER,핵 앤드 슬래셔
DK_MADNESS_CRUSHER,매드니스 크러셔
DK_SERVANTWEAPON,서번트 웨폰
DK_SERVANT_W_DEMOL,서번트 웨폰-데몰루션
DK_SERVANT_W_PHANTOM,서번트 웨폰-팬텀
DK_SERVANT_W_SIGN,서번트 웨폰-사인
DK_STORMSLASH,스톰 슬래쉬
DK_TWOHANDDEF,투핸드 디펜드
DK_VIGOR,비고르
ECLAGE_RECALL,에클라쥬로 귀환
ECL_PEONYMAMY,피오니마미
ECL_SADAGUI,사다구이
ECL_SEQUOIADUST,세쿼이아 더스트
ECL_SNOWFLIP,스노우 플립
EM_ACTIVITY_BURN,액티비티 번
EM_CONFLAGRATION,콘플라그레이션
EM_DIAMOND_STORM,다이아몬드 스톰
EM_ELEMENTAL_BUSTER,엘레멘탈 버스터
EM_ELEMENTAL_SPIRIT_M,엘레멘탈 스피릿 마스터리
EM_ELEMENTAL_VEIL,엘레멘탈 베일
EM_INCREASING_ACTIVITY,인크리징 액티비티
EM_LIGHTNING_LAND,라이트닝 랜드
EM_MAGIC_BOOK_M,매직 북 마스터리
EM_SPELL_ENCHANTING,스펠 인챈팅
EM_SUMMON_ELEMENTAL_ARDOR,정령 소환: 아르도르
EM_SUMMON_ELEMENTAL_DILUVIO,정령 소환: 딜루비오
EM_SUMMON_ELEMENTAL_PROCELLA,정령 소환: 프로첼라
EM_SUMMON_ELEMENTAL_SERPENS,정령 소환: 세르펜스
EM_SUMMON_ELEMENTAL_TERREMOTUS,정령 소환: 테레모투스
EM_TERRA_DRIVE,테라 드라이브
EM_VENOM_SWAMP,베놈 스왐프
GC_ANTIDOTE,해독
GC_CLOAKINGEXCEED,클로킹 익시드
GC_COUNTERSLASH,카운터 슬래쉬
GC_CREATENEWPOISON,새로운 독 제조
GC_CROSSIMPACT,크로스 임팩트
GC_CROSSRIPPERSLASHER,크로스 리퍼 슬래셔
GC_DARKCROW,다크 클로
GC_DARKILLUSION,다크 일루전
GC_HALLUCINATIONWALK,할루시네이션 워크
GC_PHANTOMMENACE,팬텀 메너스
GC_POISONINGWEAPON,포이즈닝 웨폰
GC_POISONSMOKE,포이즌 스모크
GC_RESEARCHNEWPOISON,새로운 독 연구
GC_ROLLINGCUTTER,롤링 커터
GC_VENOMIMPRESS,베놈 임프레스
GC_VENOMPRESSURE,베놈 프레셔
GC_WEAPONBLOCKING,웨폰 블로킹
GC_WEAPONCRUSH,웨폰 크러쉬
GD_APPROVAL,정규 길드 승인
GD_BATTLEORDER,전투명령
GD_CHARGESHOUT_BEATING,돌격의 외침
GD_CHARGESHOUT_FLAG,돌격 깃발
GD_DEVELOPMENT,영구적인 발전
GD_EMERGENCYCALL,긴급 호출
GD_EMERGENCY_MOVE,긴급 이동
GD_EXTENSION,조합 체제 확장
GD_GLORYWOUNDS,영광의 상처
GD_GUARDRESEARCH,가디언 연구
GD_GUARDUP,가디언 강화
GD_GUILD_STORAGE,길드 창고 확장
GD_HAWKEYES,매의 눈
GD_KAFRACONTRACT,카프라와 계약
GD_LEADERSHIP,위대한 지도력
GD_REGENERATION,길드원 체력 재생
GD_RESTORE,길드원 체력 회복
GD_SOULCOLD,냉정한 심장
GM_AP_HEAL,GM AP 힐
GM_ITEM_ATKMAX,GM 아이템 ATK 최대
GM_ITEM_ATKMIN,GM 아이템 ATK 최소
GM_ITEM_MATKMAX,GM 아이템 MATK 최대
GM_ITEM_MATKMIN,GM 아이템 MATK 최소
GM_SANDMAN,샌드맨
GN_BLOOD_SUCKER,블러드 서커
GN_CARTBOOST,카트 부스트
GN_CARTCANNON,카트 캐논
GN_CART_TORNADO,카트 토네이도
GN_CHANGEMATERIAL,체인지 머테리얼
GN_CRAZYWEED,크레이지 위드
GN_DEMONIC_FIRE,데모닉 파이어
GN_FIRE_EXPANSION,파이어 익스팬션
GN_HELLS_PLANT,헬즈 플랜트
GN_ILLUSIONDOPING,일루전 도핑
GN_MAKEBOMB,폭탄 제조
GN_MANDRAGORA,하울링 오브 만드라고라
GN_MIX_COOKING,믹스 쿠킹
GN_REMODELING_CART,카트 개조
GN_SLINGITEM,슬링 아이템
GN_SPORE_EXPLOSION,스포어 익스플로젼
GN_S_PHARMACY,스페셜 파머시
GN_THORNS_TRAP,손즈 트랩
GN_TRAINING_SWORD,소드 트레이닝
GN_WALLOFTHORN,월 오브 손즈
GS_ADJUSTMENT,어저스트먼트
GS_BULLSEYE,불스 아이
GS_CHAINACTION,체인 액션
GS_CRACKER,크래커
GS_DESPERADO,데스페라도
GS_DISARM,디스암
GS_DUST,더스트
GS_FLING,플링
GS_FULLBUSTER,풀 버스터
GS_GATLINGFEVER,개틀링 피버
GS_GLITTERING,글리터링
GS_GROUNDDRIFT,그라운드 드리프트
GS_INCREASING,인크리징 액러시
GS_MADNESSCANCEL,매드니스 캔슬
GS_MAGICALBULLET,매지컬 불릿
GS_PIERCINGSHOT,피어싱 샷
GS_RAPIDSHOWER,래피드 샤워
GS_SINGLEACTION,싱글 액션
GS_SNAKEEYE,스네이크 아이
GS_SPREADATTACK,스프레드 어택
GS_TRACKING,트래킹
GS_TRIPLEACTION,트리플 액션
HAMI_BLOODLUST,블러드 러스트
HAMI_CASTLE,위치 변경
HAMI_DEFENCE,방어력
HAMI_SKIN,스킨
HFLI_FLEET,플릿
HFLI_MOON,문
HFLI_SBR44,S.B.R.44
HFLI_SPEED,스피드
HLIF_AVOID,어보이드
HLIF_BRAIN,브레인 서저리
HLIF_CHANGE,체인지
HLIF_HEAL,힐
HN_BREAKINGLIMIT,브레이킹 리미트
HN_DOUBLEBOWLINGBASH,더블 볼링 배쉬
HN_GROUND_GRAVITATION,그라운드 그라비테이션
HN_HELLS_DRIVE,헬즈 드라이브
HN_JACK_FROST_NOVA,잭 프로스트 노바
HN_JUPITEL_THUNDER_STORM,유피텔 썬더 스톰
HN_MEGA_SONIC_BLOW,메가 소닉 블로우
HN_METEOR_STORM_BUSTER,메테오 스톰 버스터
HN_NAPALM_VULCAN_STRIKE,네이팜 발칸 스트라이크
HN_RULEBREAK,룰 브레이크
HN_SELFSTUDY_SOCERY,독학-마법
HN_SELFSTUDY_TATICS,독학-전술
HN_SHIELD_CHAIN_RUSH,쉴드 체인 러쉬
HN_SPIRAL_PIERCE_MAX,스파이럴 피어스 맥스
HP_ASSUMPTIO,아숨프티오
HP_BASILICA,바실리카
HP_MANARECHARGE,마나 리차지
HP_MEDITATIO,메디타티오
HT_ANKLESNARE,앵클 스네어
HT_BEASTBANE,비스트 베인
HT_BLASTMINE,블래스트 마인
HT_BLITZBEAT,블리츠 비트
HT_CLAYMORETRAP,크레모어 트랩
HT_DETECTING,디텍팅
HT_FALCON,팔콘 마스터리
HT_FLASHER,플래셔
HT_FREEZINGTRAP,프리징 트랩
HT_LANDMINE,랜드 마인
HT_PHANTASMIC,팬텀마이즈 / 환영 화살
HT_POWER,파워
HT_REMOVETRAP,리무브 트랩
HT_SANDMAN,샌드맨
HT_SHOCKWAVE,쇼크웨이브 트랩
HT_SKIDTRAP,스키드 트랩
HT_SPRINGTRAP,스프링 트랩
HT_STEELCROW,스틸 크로우
HT_TALKIEBOX,토키 박스
HVAN_CAPRICE,카프리스
HVAN_CHAOTIC,카오틱
HVAN_EXPLOSION,익스플로전
HVAN_INSTRUCT,인스트럭트
HW_GANBANTEIN,간반테인
HW_GRAVITATION,그라비테이션 필드
HW_MAGICCRASHER,매직 크래셔
HW_MAGICPOWER,마력 증폭
HW_NAPALMVULCAN,네이팜 발칸
HW_SOULDRAIN,소울 드레인
IG_ATTACK_STANCE,어택 스탠스
IG_CROSS_RAIN,크로스 레인
IG_GRAND_JUDGEMENT,그랜드 져지먼트
IG_GUARDIAN_SHIELD,가디언 쉴드
IG_GUARD_STANCE,가드 스탠스
IG_HOLY_SHIELD,홀리 쉴드
IG_IMPERIAL_CROSS,임페리얼 크로스
IG_JUDGEMENT_CROSS,져지먼트 크로스
IG_OVERSLASH,오버 슬래쉬
IG_RADIANT_SPEAR,레디언트 스피어
IG_REBOUND_SHIELD,리바운드 쉴드
IG_SHIELD_MASTERY,쉴드 마스터리
IG_SHIELD_SHOOTING,쉴드 슈팅
IG_SPEAR_SWORD_M,스피어&소드 마스터리
IG_ULTIMATE_SACRIFICE,얼티밋 새크리파이스
IQ_EXPOSION_BLASTER,익스플로전 블래스터
IQ_FIRM_FAITH,펌 페이스
IQ_FIRST_BRAND,제 1격: 낙인
IQ_FIRST_FAITH_POWER,제 1격: 신앙의 힘
IQ_JUDGE,제 2격: 심판자
IQ_MASSIVE_F_BLASTER,매시브 플레임 블래스터
IQ_OLEUM_SANCTUM,올레움 산크툼
IQ_POWERFUL_FAITH,파워풀 페이스
IQ_SECOND_FAITH,제 2격: 신념
IQ_SECOND_FLAME,제 2격: 화염 멸각
IQ_SECOND_JUDGEMENT,제 2격: 심판
IQ_SINCERE_FAITH,신시어 페이스
IQ_THIRD_CONSECRATION,제 3격: 정화
IQ_THIRD_EXOR_FLAME,제 3격: 엑소시즘 플레임
IQ_THIRD_FLAME_BOMB,제 3격: 화염탄
IQ_THIRD_PUNISH,제 3격: 징벌
IQ_WILL_OF_FAITH,윌 오브 페이스
ITM_TOMAHAWK,토마호크 던지기
KG_KAGEHUMI,그림자 밟기
KG_KAGEMUSYA,카게무샤
KG_KYOMU,허무의 그림자
KN_AUTOCOUNTER,오토 카운터
KN_BOWLINGBASH,볼링 배쉬
KN_BRANDISHSPEAR,브랜디쉬 스피어
KN_CAVALIERMASTERY,기병 수련
KN_CHARGEATK,차지 어택
KN_ONEHAND,원핸드 퀴큰
KN_PIERCE,피어스
KN_RIDING,라이딩
KN_SPEARBOOMERANG,스피어 부메랑
KN_SPEARMASTERY,창 수련
KN_SPEARSTAB,스피어 스탭
KN_TWOHANDQUICKEN,투핸드 퀴큰
KO_BAKURETSU,폭발 쿠나이
KO_DOHU_KOUKAI,토부-강괴
KO_GENWAKU,환술-미혹
KO_HAPPOKUNAI,팔방 쿠나이
KO_HUUMARANKA,풍마수리켄 난화
KO_HYOUHU_HUBUKI,빙부-취설
KO_IZAYOI,열여섯의 밤 (이자요이)
KO_JYUMONJIKIRI,십자베기
KO_JYUSATSU,환술-주살
KO_KAHU_ENTEN,화부-염천
KO_KAIHOU,술식 해방
KO_KAZEHU_SEIRAN,풍부-청람
KO_KYOUGAKU,환술-경악
KO_LEFT,왼손 수련
KO_MAKIBISHI,마키비시
KO_MEIKYOUSISUI,명경지수
KO_MUCHANAGE,무챠나게
KO_RIGHT,오른손 수련
KO_SETSUDAN,영혼 절단
KO_YAMIKUMO,암운
KO_ZANZOU,환술-잔영
KO_ZENKAI,술식 전개
LG_BANDING,밴딩
LG_BANISHINGPOINT,배니싱 포인트
LG_CANNONSPEAR,캐논 스피어
LG_EARTHDRIVE,어스 드라이브
LG_EXEEDBREAK,익시드 브레이크
LG_FORCEOFVANGUARD,포스 오브 뱅가드
LG_HESPERUSLIT,헤스페루스 리트
LG_INSPIRATION,인스퍼레이션
LG_KINGS_GRACE,왕의 은총
LG_MOONSLASHER,문 슬래셔
LG_OVERBRAND,오버브랜드
LG_PIETY,파이에티
LG_PINPOINTATTACK,핀포인트 어택
LG_PRESTIGE,프레스티지
LG_RAGEBURST,레이지 버스트
LG_RAYOFGENESIS,레이 오브 제네시스
LG_REFLECTDAMAGE,리플렉트 데미지
LG_SHIELDPRESS,쉴드 프레스
LG_SHIELDSPELL,쉴드 스펠
LG_TRAMPLE,트램플
LK_AURABLADE,오라 블레이드
LK_BERSERK,버서크
LK_CONCENTRATION,컨센트레이션
LK_HEADCRUSH,헤드 크러쉬
LK_JOINTBEAT,조인트 비트
LK_PARRYING,패링
LK_SPIRALPIERCE,스파이럴 피어스
LK_TENSIONRELAX,텐션 릴랙스
MA_CHARGEARROW,차지 애로우
MA_DOUBLE,더블 스트레이핑
MA_FREEZINGTRAP,프리징 트랩
MA_LANDMINE,랜드 마인
MA_REMOVETRAP,리무브 트랩
MA_SANDMAN,샌드맨
MA_SHARPSHOOTING,샤프 슈팅
MA_SHOWER,애로우 샤워
MA_SKIDTRAP,스키드 트랩
MC_CARTDECORATE,카트 장식
MC_CARTREVOLUTION,카트 레볼루션
MC_CHANGECART,체인지 카트
MC_DISCOUNT,디스카운트
MC_IDENTIFY,아이템 감정
MC_INCCARRY,소지량 증가
MC_LOUD,고성방가
MC_MAMMONITE,매머나이트
MC_OVERCHARGE,오버차지
MC_PUSHCART,푸쉬 카트
MC_VENDING,노점 개설
MER_AUTOBERSERK,오토 버서크
MER_BENEDICTION,베네딕션
MER_BLESSING,블레싱
MER_COMPRESS,컴프레스
MER_CRASH,크래쉬
MER_DECAGI,민첩성 감소
MER_ESTIMATION,몬스터 정보
MER_INCAGI,민첩성 증가
MER_INVINCIBLEOFF2,멘탈 큐어
MER_KYRIE,기리에 엘레이손
MER_LEXDIVINA,렉스 디비나
MER_MAGNIFICAT,마그니피캇
MER_MENTALCURE,멘탈 큐어
MER_PROVOKE,프로보크
MER_QUICKEN,퀴큰
MER_RECUPERATE,리쿠퍼레이트
MER_REGAIN,리게인
MER_SCAPEGOAT,스케이프고트
MER_SIGHT,사이트
MER_TENDER,텐더
MG_COLDBOLT,콜드 볼트
MG_ENERGYCOAT,에너지 코트
MG_FIREBALL,파이어 볼
MG_FIREBOLT,파이어 볼트
MG_FIREWALL,파이어 월
MG_FROSTDIVER,프로스트 다이버
MG_LIGHTNINGBOLT,라이트닝 볼트
MG_NAPALMBEAT,네이팜 비트
MG_SAFETYWALL,세이프티 월
MG_SIGHT,사이트
MG_SOULSTRIKE,소울 스트라이크
MG_SRECOVERY,SP 회복력 향상
MG_STONECURSE,스톤 커스
MG_THUNDERSTORM,썬더 스톰
MH_ABSOLUTE_ZEPHYR,앱솔루트 제퍼
MH_ANGRIFFS_MODUS,안그리프스 모드
MH_BLAST_FORGE,블래스트 포지
MH_BLAZING_AND_FURIOUS,블레이징 앤 퓨리어스
MH_BLAZING_LAVA,블레이징 라바
MH_BRUSHUP_CLAW,브러쉬업 클로
MH_CBC,C.B.C
MH_CLASSY_FLUTTER,클래시 플러터
MH_EQC,E.Q.C
MH_ERASER_CUTTER,이레이저 커터
MH_GLANZEN_SPIES,글란첸 슈피스
MH_GOLDENE_FERSE,골데네 페르제
MH_GOLDENE_TONE,골데네 톤
MH_GRANITIC_ARMOR,그라니틱 아머
MH_HEILIGE_PFERD,하일리게 페어트
MH_HEILIGE_STANGE,하일리게 슈탕게
MH_LAVA_SLIDE,라바 슬라이드
MH_LICHT_GEHORN,리히트 게호른
MH_LIGHT_OF_REGENE,라이트 오브 리제네
MH_MAGMA_FLOW,마그마 플로우
MH_MIDNIGHT_FRENZY,미드나잇 프렌지
MH_NEEDLE_OF_PARALYZE,니들 오브 패럴라이즈
MH_NEEDLE_STINGER,니들 스팅거
MH_OVERED_BOOST,오버 부스트
MH_PAIN_KILLER,페인 킬러
MH_POISON_MIST,포이즌 미스트
MH_POLISHING_NEEDLE,폴리싱 니들
MH_PYROCLASTIC,파이로클래스틱
MH_SILENT_BREEZE,사일런트 브리즈
MH_SILVERVEIN_RUSH,실버베인 러쉬
MH_SONIC_CRAW,소닉 클로
MH_STAHL_HORN,슈탈 호른
MH_STEINWAND,슈타인반트
MH_STYLE_CHANGE,스타일 체인지
MH_SUMMON_LEGION,서먼 레기온
MH_TEMPERING,템퍼링
MH_THE_ONE_FIGHTER_RISES,더 원 파이터 라이즈
MH_TINDER_BREAKER,틴더 브레이커
MH_TOXIN_OF_MANDARA,톡신 오브 만다라
MH_TWISTER_CUTTER,트위스터 커터
MH_VOLCANIC_ASH,볼캐닉 애쉬
MH_XENO_SLASHER,제노 슬래셔
MI_ECHOSONG,에코 송
MI_HARMONIZE,하모나이즈
MI_RUSH_WINDMILL,러쉬 윈드밀
ML_AUTOGUARD,오토 가드
ML_BRANDISH,브랜디쉬 스피어
ML_DEFENDER,디펜더
ML_DEVOTION,헌신
ML_PIERCE,피어스
ML_SPIRALPIERCE,스파이럴 피어스
MO_ABSORBSPIRITS,흡기공
MO_BALKYOUNG,발경
MO_BLADESTOP,진검백파도
MO_BODYRELOCATION,궁신탄영
MO_CALLSPIRITS,축기
MO_CHAINCOMBO,연환전신장
MO_COMBOFINISH,맹룡과강
MO_DODGE,이화접목
MO_EXPLOSIONSPIRITS,폭기
MO_EXTREMITYFIST,아수라패황권
MO_FINGEROFFENSIVE,탄지신통
MO_INVESTIGATE,침투경
MO_IRONHAND,철사장
MO_KITRANSLATION,운기조식
MO_SPIRITSRECOVERY,기구력 회복
MO_STEELBODY,금강불괴
MO_TRIPLEATTACK,육합권
MS_BASH,배쉬
MS_BERSERK,버서크
MS_BOWLINGBASH,볼링 배쉬
MS_MAGNUM,매그넘 브레이크
MS_PARRYING,패링
MS_REFLECTSHIELD,리플렉트 쉴드
MT_ABR_M,ABR 마스터리
MT_AXE_STOMP,액스 스톰프
MT_A_MACHINE,어택 머신
MT_D_MACHINE,디펜스 머신
MT_ENERGY_CANNONADE,에너지 캐노네이드
MT_MIGHTY_SMASH,마이티 스매쉬
MT_M_MACHINE,메이크 머신
MT_POWERFUL_SWING,파워풀 스윙
MT_RUSH_QUAKE,러쉬 퀘이크
MT_RUSH_STRIKE,러쉬 스트라이크
MT_SPARK_BLASTER,스파크 블래스터
MT_SUMMON_ABR_BATTLE_WARIOR,ABR-배틀 워리어 소환
MT_SUMMON_ABR_DUAL_CANNON,ABR-듀얼 캐논 소환
MT_SUMMON_ABR_INFINITY,ABR-인피니티 소환
MT_SUMMON_ABR_MOTHER_NET,ABR-마더 네트 소환
MT_TRIPLE_LASER,트리플 레이저
MT_TWOAXEDEF,투 액스 디펜드
NC_ACCELERATION,액셀러레이션
NC_ANALYZE,애널라이즈
NC_ARMSCANNON,암즈 캐논
NC_AXEBOOMERANG,액스 부메랑
NC_AXETORNADO,액스 토네이도
NC_BOOSTKNUCKLE,부스트 너클
NC_B_SIDESLIDE,백 사이드 슬라이드
NC_COLDSLOWER,콜드 슬로어
NC_DISJOINT,디스조인트
NC_EMERGENCYCOOL,이머전시 쿨
NC_FLAMELAUNCHER,플레임 런처
NC_F_SIDESLIDE,프론트 사이드 슬라이드
NC_HOVERING,호버링
NC_INFRAREDSCAN,인프라레드 스캔
NC_MADOLICENCE,마도기어 라이센스
NC_MAGICDECOY,매직 디코이
NC_MAGMA_ERUPTION,마그마 이럽션
NC_MAGNETICFIELD,마그네틱 필드
NC_MAINFRAME,메인프레임 개조
NC_NEUTRALBARRIER,뉴트럴 배리어
NC_PILEBUNKER,파일 벙커
NC_POWERSWING,파워 스윙
NC_REPAIR,리페어
NC_RESEARCHFE,불과 대지의 연구
NC_SELFDESTRUCTION,셀프 디스트럭션
NC_SHAPESHIFT,쉐이프 시프트
NC_SILVERSNIPER,실버 스나이퍼
NC_STEALTHFIELD,스텔스 필드
NC_TRAININGAXE,도끼 수련
NC_VULCANARM,발칸 암
NJ_BAKUENRYU,폭염룡
NJ_BUNSINJYUTSU,환영분신
NJ_HUUJIN,풍인
NJ_HUUMA,풍마수리켄 던지기
NJ_HYOUSENSOU,빙섬창
NJ_HYOUSYOURAKU,빙정락
NJ_ISSEN,일섬
NJ_KAENSIN,화염진
NJ_KAMAITACHI,삭풍
NJ_KASUMIKIRI,안개베기
NJ_KIRIKAGE,그림자베기
NJ_KOUENKA,홍염화
NJ_KUNAI,쿠나이 던지기
NJ_NEN,인법-염
NJ_NINPOU,인법 수련
NJ_RAIGEKISAI,뇌격쇄
NJ_SHADOWJUMP,그림자 도약
NJ_SUITON,수둔
NJ_SYURIKEN,수리켄 던지기
NJ_TATAMIGAESHI,다다미 뒤집기
NJ_TOBIDOUGU,투척 수련
NJ_UTSUSEMI,매미허물벗기
NJ_ZENYNAGE,돈 던지기
NV_BASIC,기본기
NV_BREAKTHROUGH,한계돌파
NV_FIRSTAID,응급치료
NV_HELPANGEL,도와줘요 천사님
NV_TRANSCENDENCE,초월
NV_TRICKDEAD,죽은척 하기
NW_AUTO_FIRING_LAUNCHER,오토 파이어링 런처
NW_BASIC_GRENADE,베이직 그레네이드
NW_GRENADES_DROPPING,그레네이드 드로핑
NW_GRENADE_FRAGMENT,그레네이드 프래그먼트
NW_GRENADE_MASTERY,그레네이드 마스터리
NW_HASTY_FIRE_IN_THE_HOLE,헤이스티 파이어 인 더 홀
NW_HIDDEN_CARD,히든 카드
NW_INTENSIVE_AIM,인텐시브 에임
NW_MAGAZINE_FOR_ONE,매거진 포 원
NW_MIDNIGHT_FALLEN,미드나잇 폴른
NW_MISSION_BOMBARD,미션 봄바드
NW_ONLY_ONE_BULLET,온리 원 불릿
NW_P_F_I,P.F.I
NW_SPIRAL_SHOOTING,스파이럴 슈팅
NW_THE_VIGILANTE_AT_NIGHT,더 비질란테 앳 나이트
NW_WILD_FIRE,와일드 파이어
NW_WILD_SHOT,와일드 샷
OB_AKAITSUKI,흉악한 붉은 달
OB_OBOROGENSOU,오보로 환상
OB_ZANGETSU,일그러진 초승달
PA_GOSPEL,가스펠
PA_PRESSURE,프레셔
PA_SACRIFICE,새크리파이스
PA_SHIELDCHAIN,쉴드 체인
PF_DOUBLECASTING,더블 캐스팅
PF_FOGWALL,포그 월
PF_HPCONVERSION,생명력 변환
PF_MEMORIZE,메모라이즈
PF_MINDBREAKER,마인드 브레이커
PF_SOULBURN,소울 번
PF_SOULCHANGE,소울 체인지
PF_SPIDERWEB,스파이더 웹
PR_ASPERSIO,아스페르시오
PR_BENEDICTIO,B.S 사크라멘토
PR_GLORIA,글로리아
PR_IMPOSITIO,임포시티오 마누스
PR_KYRIE,기리에 엘레이손
PR_LEXAETERNA,렉스 에테르나
PR_LEXDIVINA,렉스 디비나
PR_MACEMASTERY,메이스 수련
PR_MAGNIFICAT,마그니피캇
PR_MAGNUS,마그누스 엑소르시스무스
PR_REDEMPTIO,레뎀프티오
PR_SANCTUARY,생츄어리
PR_SLOWPOISON,슬로우 포이즌
PR_STRECOVERY,스테이터스 리커버리
PR_SUFFRAGIUM,수프라기움
PR_TURNUNDEAD,턴 언데드
RA_AIMEDBOLT,에임드 볼트
RA_ARROWSTORM,애로우 스톰
RA_CAMOUFLAGE,카무플라쥬
RA_CLUSTERBOMB,클러스터 봄
RA_COBALTTRAP,코발트 트랩
RA_DETONATOR,디토네이터
RA_ELECTRICSHOCKER,일렉트릭 쇼커
RA_FEARBREEZE,피어 브리즈
RA_FIRINGTRAP,파이어링 트랩
RA_ICEBOUNDTRAP,아이스바운드 트랩
RA_MAGENTATRAP,마젠타 트랩
RA_MAIZETRAP,메이즈 트랩
RA_RANGERMAIN,레인저 메인
RA_RESEARCHTRAP,트랩 연구
RA_SENSITIVEKEEN,센서티브 킨
RA_TOOTHOFWUG,투스 오브 워그
RA_UNLIMIT,언리밋
RA_VERDURETRAP,버듀어 트랩
RA_WUGBITE,워그 바이트
RA_WUGDASH,워그 대쉬
RA_WUGMASTERY,워그 마스터리
RA_WUGRIDER,워그 라이더
RA_WUGSTRIKE,워그 스트라이크
RETURN_TO_ELDICASTES,엘디카스테스로 귀환
RG_BACKSTAP,백 스탭
RG_CLEANER,클리너
RG_CLOSECONFINE,클로즈 콘파인
RG_COMPULSION,컴펄션 디스카운트
RG_FLAGGRAFFITI,플래그 그래피티
RG_GANGSTER,갱스터 파라다이스
RG_GRAFFITI,그래피티
RG_INTIMIDATE,인티머데이트
RG_PLAGIARISM,도작
RG_RAID,기습
RG_SNATCHER,스내쳐
RG_STEALCOIN,스틸 코인
RG_STRIPARMOR,스트립 아머
RG_STRIPHELM,스트립 헬름
RG_STRIPSHIELD,스트립 쉴드
RG_STRIPWEAPON,스트립 웨폰
RG_TUNNELDRIVE,터널 드라이브
RK_DEATHBOUND,데스 바운드
RK_DRAGONBREATH,드래곤 브레스
RK_DRAGONBREATH_WATER,드래곤 브레스-수
RK_DRAGONHOWLING,드래곤 하울링
RK_DRAGONTRAINING,드래곤 트레이닝
RK_ENCHANTBLADE,인챈트 블레이드
RK_HUNDREDSPEAR,헌드레드 스피어
RK_IGNITIONBREAK,이그니션 브레이크
RK_PHANTOMTHRUST,팬텀 트러스트
RK_RUNEMASTERY,룬 마스터리
RK_SONICWAVE,소닉 웨이브
RK_WINDCUTTER,윈드 커터
RL_AM_BLAST,안티 매터리얼 블래스트
RL_BANISHING_BUSTER,배니싱 버스터
RL_B_TRAP,바인드 트랩
RL_C_MARKER,크림슨 마커
RL_D_TAIL,드래곤 테일
RL_E_CHAIN,이터널 체인
RL_FALLEN_ANGEL,폴른 엔젤
RL_FIREDANCE,파이어 댄스
RL_FIRE_RAIN,파이어 레인
RL_FLICKER,플리커
RL_HAMMER_OF_GOD,해머 오브 갓
RL_HEAT_BARREL,히트 배럴
RL_H_MINE,하울링 마인
RL_MASS_SPIRAL,매스 스파이럴
RL_P_ALTER,플래티넘 알터
RL_QD_SHOT,퀵 드로우 샷
RL_RICHS_COIN,리치스 코인
RL_R_TRIP,라운드 트립
RL_SLUGSHOT,슬러그 샷
RL_S_STORM,섀터 스톰
SA_ABRACADABRA,아브라카다브라
SA_ADVANCEDBOOK,어드밴스드 북
SA_AUTOSPELL,오토 스펠
SA_CASTCANCEL,캐스트 캔슬
SA_CLASSCHANGE,클래스 체인지
SA_COMA,코마
SA_CREATECON,컨버터 제조
SA_DEATH,데스
SA_DELUGE,딜루즈
SA_DISPELL,디스펠
SA_DRAGONOLOGY,드래고놀로지
SA_ELEMENTFIRE,엘리멘탈 파이어
SA_ELEMENTGROUND,엘리멘탈 어스
SA_ELEMENTWATER,엘리멘탈 워터
SA_ELEMENTWIND,엘리멘탈 윈드
SA_FLAMELAUNCHER,플레임 런처
SA_FORTUNE,포춘
SA_FREECAST,프리 캐스트
SA_FROSTWEAPON,프로스트 웨폰
SA_FULLRECOVERY,풀 리커버리
SA_GRAVITY,그라비티
SA_INSTANTDEATH,인스턴트 데스
SA_LANDPROTECTOR,랜드 프로텍터
SA_LEVELUP,레벨 업
SA_LIGHTNINGLOADER,라이트닝 로더
SA_MAGICROD,매직 로드
SA_MONOCELL,모노셀
SA_QUESTION,퀘스천
SA_REVERSEORCISH,리버스 오키쉬
SA_SEISMICWEAPON,사이즈믹 웨폰
SA_SPELLBREAKER,스펠 브레이커
SA_SUMMONMONSTER,몬스터 소환
SA_TAMINGMONSTER,테이밍 몬스터
SA_VIOLENTGALE,바이올런트 게일
SA_VOLCANO,볼케이노
SC_AUTOSHADOWSPELL,오토 쉐도우 스펠
SC_BLOODYLUST,블러디 러스트
SC_BODYPAINT,바디 페인팅
SC_CHAOSPANIC,카오스 패닉
SC_DEADLYINFECT,데들리 인펙트
SC_DIMENSIONDOOR,디멘션 도어
SC_ENERVATION,이너베이션
SC_ESCAPE,이스케이프
SC_FATALMENACE,페이탈 메너스
SC_FEINTBOMB,페인트 봄
SC_GROOMY,글루미
SC_IGNORANCE,이그노어런스
SC_INVISIBILITY,인비저빌리티
SC_LAZINESS,레이지니스
SC_MAELSTROM,마엘스트롬
SC_MANHOLE,맨홀
SC_REPRODUCE,리프로듀스
SC_SHADOWFORM,쉐도우 폼
SC_STRIPACCESSARY,스트립 악세사리
SC_TRIANGLESHOT,트라이앵글 샷
SC_UNLUCKY,언럭키
SC_WEAKNESS,위크니스
SG_DEVIL,태양과 달과 별의 악마
SG_FEEL,태양과 달과 별의 느낌
SG_FRIEND,태양과 달과 별의 벗
SG_FUSION,태양과 달과 별의 융합
SG_HATE,태양과 달과 별의 증오
SG_KNOWLEDGE,태양과 달과 별의 지식
SG_MOON_ANGER,달의 분노
SG_MOON_BLESS,달의 축복
SG_MOON_COMFORT,달의 평안
SG_MOON_WARM,달의 따뜻함
SG_STAR_ANGER,별의 분노
SG_STAR_BLESS,별의 축복
SG_STAR_COMFORT,별의 평안
SG_STAR_WARM,별의 따뜻함
SG_SUN_ANGER,태양의 분노
SG_SUN_BLESS,태양의 축복
SG_SUN_COMFORT,태양의 평안
SG_SUN_WARM,태양의 따뜻함
SHC_CROSS_SLASH,크로스 슬래쉬
SHC_DANCING_KNIFE,댄싱 나이프
SHC_ENCHANTING_SHADOW,인챈팅 쉐도우
SHC_ETERNAL_SLASH,이터널 슬래쉬
SHC_FATAL_SHADOW_CROW,페이탈 쉐도우 크로
SHC_IMPACT_CRATER,임팩트 크레이터
SHC_POTENT_VENOM,포텐트 베놈
SHC_SAVAGE_IMPACT,새비지 임팩트
SHC_SHADOW_EXCEED,쉐도우 익시드
SHC_SHADOW_SENSE,쉐도우 센스
SHC_SHADOW_STAB,쉐도우 스탭
SH_BLESSING_OF_MYSTICAL_CREATURES,신수 축복
SH_CHUL_HO_SONIC_CLAW,철호공심조
SH_COLORS_OF_HYUN_ROK,현록오색각
SH_COMMUNE_WITH_CHUL_HO,신수교감: 철호
SH_COMMUNE_WITH_HYUN_ROK,신수교감: 현록
SH_COMMUNE_WITH_KI_SUL,신수교감: 귀설
SH_HOGOGONG_STRIKE,호고공타
SH_HOWLING_OF_CHUL_HO,철호포효
SH_HYUN_ROKS_BREEZE,현록비풍
SH_HYUN_ROK_CANNON,현록포
SH_KI_SUL_RAMPAGE,귀설난타
SH_KI_SUL_WATER_SPRAYING,귀설살수
SH_MARINE_FESTIVAL_OF_KI_SUL,해양축제
SH_MYSTICAL_CREATURE_MASTERY,신수 마스터리
SH_SANDY_FESTIVAL_OF_KI_SUL,모래축제
SH_TEMPORARY_COMMUNION,일시교감
SJ_BOOKOFCREATINGSTAR,창성의 서
SJ_BOOKOFDIMENSION,차원의 서
SJ_DOCUMENT,태양과 달과 별의 기록
SJ_FALLINGSTAR,별똥별 낙하
SJ_FLASHKICK,섬광각
SJ_FULLMOONKICK,만월각
SJ_GRAVITYCONTROL,중력 조정
SJ_LIGHTOFMOON,달의 빛
SJ_LIGHTOFSTAR,별의 빛
SJ_LIGHTOFSUN,태양의 빛
SJ_LUNARSTANCE,달의 자세
SJ_NEWMOONKICK,삭월각
SJ_NOVAEXPLOSING,신성 폭발
SJ_PROMINENCEKICK,홍염각
SJ_PURIFY,태양과 달과 별의 정화
SJ_SOLARBURST,태양 폭발
SJ_STAREMPEROR,성제 강림
SJ_STARSTANCE,별의 자세
SJ_SUNSTANCE,태양의 자세
SJ_UNIVERSESTANCE,우주의 자세
SKE_ALL_IN_THE_SKY,천라만상
SKE_DAWN_BREAK,천진 일월
SKE_ENCHANTING_SKY,천기 지신
SKE_MIDNIGHT_KICK,천진 일월
SKE_NOON_BLAST,천진 일양
SKE_RISING_MOON,천지 일월
SKE_RISING_SUN,천지 일양
SKE_SKY_MASTERY,천기 수련
SKE_STAR_BURST,천명 낙성
SKE_STAR_CANNON,천성
SKE_SUNSET_BLAST,천양
SKE_TWINKLING_GALAXY,천지 만성
SKE_WAR_BOOK_MASTERY,병법 수련
SL_ALCHEMIST,알케미스트의 영혼
SL_ASSASIN,어쌔신의 영혼
SL_BARDDANCER,바드와 댄서의 영혼
SL_BLACKSMITH,블랙스미스의 영혼
SL_CRUSADER,크루세이더의 영혼
SL_HIGH,상위 1차 직업의 영혼
SL_HUNTER,헌터의 영혼
SL_KAAHI,카아히
SL_KAINA,카이나
SL_KAITE,카이테
SL_KAIZEL,카이제
SL_KAUPE,카우페
SL_KNIGHT,나이트의 영혼
SL_MONK,몽크의 영혼
SL_PRIEST,프리스트의 영혼
SL_ROGUE,로그의 영혼
SL_SAGE,세이지의 영혼
SL_SKA,에스카
SL_SKE,에스케
SL_SMA,에스마
SL_SOULLINKER,소울링커의 영혼
SL_STAR,권성의 영혼
SL_STIN,에스틴
SL_STUN,에스툰
SL_SUPERNOVICE,슈퍼 노비스의 영혼
SL_SWOO,에스우
SL_WIZARD,위저드의 영혼
SM_AUTOBERSERK,오토 버서크
SM_BASH,배쉬
SM_ENDURE,인듀어
SM_FATALBLOW,급소치기
SM_MAGNUM,매그넘 브레이크
SM_MOVINGRECOVERY,이동중 HP 회복
SM_PROVOKE,프로보크
SM_RECOVERY,HP 회복력 향상
SM_SWORD,한손검 수련
SM_TWOHAND,양손검 수련
SN_FALCONASSAULT,팔콘 어절트
SN_SHARPSHOOTING,샤프 슈팅
SN_SIGHT,트루 사이트
SN_WINDWALK,윈드 워크
SOA_CIRCLE_OF_DIRECTIONS_AND_ELEMENTALS,사방오행진
SOA_EXORCISM_OF_MALICIOUS_SOUL,사령 정화
SOA_SOUL_GATHERING,영혼 결집
SOA_SOUL_MASTERY,영혼술 수련
SOA_SOUL_OF_HEAVEN_AND_EARTH,천지신령
SOA_TALISMAN_MASTERY,부적술 수련
SOA_TALISMAN_OF_BLACK_TORTOISE,현무부
SOA_TALISMAN_OF_BLUE_DRAGON,청룡부
SOA_TALISMAN_OF_FIVE_ELEMENTS,오행부
SOA_TALISMAN_OF_FOUR_BEARING_GOD,사방신부
SOA_TALISMAN_OF_MAGICIAN,마법사부
SOA_TALISMAN_OF_PROTECTION,호신부
SOA_TALISMAN_OF_RED_PHOENIX,주작부
SOA_TALISMAN_OF_SOUL_STEALING,절혼평안부
SOA_TALISMAN_OF_WARRIOR,무사부
SOA_TALISMAN_OF_WHITE_TIGER,백호부
SOA_TOTEM_OF_TUTELARY,성황당
SO_ARRULLO,아룰로
SO_CLOUD_KILL,클라우드 킬
SO_DIAMONDDUST,다이아몬드 더스트
SO_EARTHGRAVE,어스 그레이브
SO_EARTH_INSIGNIA,어스 인시그니아
SO_ELECTRICWALK,일렉트릭 워크
SO_ELEMENTAL_SHIELD,엘레멘탈 쉴드
SO_EL_ACTION,엘레멘탈 액션
SO_EL_ANALYSIS,엘레멘탈 애널리시스
SO_EL_CONTROL,엘레멘탈 컨트롤
SO_EL_CURE,엘레멘탈 큐어
SO_EL_SYMPATHY,엘레멘탈 심퍼시
SO_FIREWALK,파이어 워크
SO_FIRE_INSIGNIA,파이어 인시그니아
SO_POISON_BUSTER,포이즌 버스터
SO_PSYCHIC_WAVE,사이킥 웨이브
SO_SPELLFIST,스펠 피스트
SO_STRIKING,스트라이킹
SO_SUMMON_AGNI,서먼 아그니
SO_SUMMON_AQUA,서먼 아쿠아
SO_SUMMON_TERA,서먼 테라
SO_SUMMON_VENTUS,서먼 벤투스
SO_VACUUM_EXTREME,바큠 익스트림
SO_VARETYR_SPEAR,바레티르 스피어
SO_WARMER,워머
SO_WATER_INSIGNIA,워터 인시그니아
SO_WIND_INSIGNIA,윈드 인시그니아
SP_CURSEEXPLOSION,사령 폭발
SP_KAUTE,카우테
SP_SHA,에스하
SP_SOULCOLLECT,영혼 축적
SP_SOULCURSE,악령의 저주
SP_SOULDIVISION,영혼 분열
SP_SOULENERGY,영혼 에너지 연구
SP_SOULEXPLOSION,영혼 폭발
SP_SOULFAIRY,요정의 영혼
SP_SOULFALCON,매의 영혼
SP_SOULGOLEM,골렘의 영혼
SP_SOULREAPER,소울 리퍼
SP_SOULREVOLVE,영혼 순환
SP_SOULSHADOW,그림자의 영혼
SP_SOULUNITY,영혼 결속
SP_SPA,에스파
SP_SWHOO,에스후
SR_ASSIMILATEPOWER,흡기공
SR_CRESCENTELBOW,파쇄산
SR_CURSEDCIRCLE,주박진
SR_DRAGONCOMBO,쌍룡각
SR_EARTHSHAKER,지뢰진
SR_FALLENEMPIRE,대차륜붕추
SR_FLASHCOMBO,섬광연격
SR_GATEOFHELL,나찰파황격
SR_GENTLETOUCH_CHANGE,점혈-반
SR_GENTLETOUCH_CURE,점혈-쾌
SR_GENTLETOUCH_ENERGYGAIN,점혈-구
SR_GENTLETOUCH_QUIET,점혈-묵
SR_GENTLETOUCH_REVITALIZE,점혈-활
SR_HOWLINGOFLION,사자후
SR_KNUCKLEARROW,수라신탄
SR_LIGHTNINGWALK,뇌광보
SR_POWERVELOCITY,전기주입
SR_RAISINGDRAGON,잠룡승천
SR_RAMPAGEBLASTER,폭기산탄
SR_RIDEINLIGHTNING,뇌광탄
SR_SKYNETBLOW,천라지망
SR_TIGERCANNON,호포
SR_WINDMILL,선풍퇴
SS_AKUMUKESU,악몽 지우기
SS_ANKOKURYUUAKUMU,암흑룡-악몽
SS_ANTENPOU,암전포
SS_FOUR_CHARM,사방부
SS_FUUMAKOUCHIKU,풍마수리켄-구축
SS_FUUMASHOUAKU,풍마수리켄-장악
SS_HITOUAKUMU,비도-악몽
SS_KAGEAKUMU,카게-악몽
SS_KAGEGARI,카게가리
SS_KAGEGISSEN,카게기센
SS_KAGENOMAI,카게노마이
SS_KINRYUUHOU,금룡포
SS_KUNAIKAITEN,쿠나이 회전
SS_KUNAIKUSSETSU,쿠나이 굴절
SS_KUNAIWAIKYOKU,쿠나이 왜곡
SS_RAIDENPOU,뇌전포
SS_REIKETSUHOU,냉혈포
SS_SEKIENHOU,적염포
SS_SHIMIRU,스며들기
SS_SHINKIROU,신기루
SS_TOKEDASU,녹아내리기
ST_CHASEWALK,체이스 워크
ST_FULLSTRIP,풀 스트립
ST_PRESERVE,프리저브
ST_REJECTSWORD,리젝트 소드
SU_ARCLOUSEDASH,아크라우즈 대쉬
SU_BASIC_SKILL,신 기본기
SU_BITE,할퀴기
SU_BUNCHOFSHRIMP,새우 떼
SU_CHATTERING,채터링
SU_CN_METEOR,개박하 메테오
SU_CN_POWDERING,개박하 가루 뿌리기
SU_FRESHSHRIMP,싱싱한 새우
SU_GROOMING,그루밍
SU_HIDE,숨기
SU_HISS,하악하악
SU_LOPE,도약
SU_LUNATICCARROTBEAT,루나틱 당근 난타
SU_MEOWMEOW,냐앙 풀
SU_NYANGGRASS,냐앙 풀
SU_PICKYPECK,픽키 쪼기
SU_POWEROFFLOCK,무리의 힘
SU_POWEROFLAND,대지의 힘
SU_POWEROFLIFE,생명의 힘
SU_POWEROFSEA,바다의 힘
SU_PURRING,갸릉갸릉
SU_SCAROFTAROU,타로우의 상처
SU_SCRATCH,할퀴기
SU_SHRIMPARTY,새우 파티
SU_SOULATTACK,영혼 공격
SU_SPIRITOFLAND,대지의 영혼
SU_SPIRITOFLIFE,생명의 영혼
SU_SPIRITOFSEA,바다의 영혼
SU_SPRITEMABLE,정령의 구슬
SU_STOOP,웅크리기
SU_SVG_SPIRIT,새비지의 영혼
SU_SV_ROOTTWIST,참다랑어 줄기 묶기
SU_SV_STEMSPEAR,미유목 줄기 창
SU_TUNABELLY,참치 뱃살
SU_TUNAPARTY,참치 파티
TF_BACKSLIDING,백 슬라이딩
TF_DETOXIFY,해독
TF_DOUBLE,더블 어택
TF_HIDING,하이딩
TF_MISS,인베넘
TF_PICKSTONE,돌 줍기
TF_POISON,인베넘
TF_SPRINKLESAND,모래 뿌리기
TF_STEAL,스틸
TF_THROWSTONE,돌 던지기
TK_COUNTER,카운터 킥
TK_DODGE,낙법
TK_DOWNKICK,내려 찍기
TK_HIGHJUMP,높이뛰기
TK_HPTIME,평온한 휴식
TK_JUMPKICK,뛰어 차기
TK_MISSION,태권 미션
TK_POWER,파이팅
TK_READYCOUNTER,카운터 킥 준비
TK_READYDOWN,내려 찍기 준비
TK_READYSTORM,회오리 차기 준비
TK_READYTURN,돌려 차기 준비
TK_RUN,달리기
TK_SEVENWIND,따뜻한 바람
TK_SPTIME,즐거운 휴식
TK_STORMKICK,회오리 차기
TK_TURNKICK,돌려 차기
TR_AIN_RHAPSODY,아인브로크 광시곡
TR_GEF_NOCTURN,게펜 야상곡
TR_JAWAII_SERENADE,자와이 세레나데
TR_KVASIR_SONATA,크바시르의 교향곡
TR_METALIC_FURY,메탈릭 퓨리
TR_MUSICAL_INTERLUDE,뮤지컬 인터루드
TR_MYSTIC_SYMPHONY,미스틱 심포니
TR_NIPELHEIM_REQUIEM,니플헤임 진혼곡
TR_PRON_MARCH,프론테라 행진곡
TR_RETROSPECTION,레트로스펙션
TR_RHYTHMICAL_WAVE,리드미컬 웨이브
TR_RHYTHMSHOOTING,리듬 슈팅
TR_ROKI_CAPRICCIO,로키의 기상곡
TR_ROSEBLOSSOM,로제 블라썸
TR_SOUNDBLEND,사운드 블렌드
TR_STAGE_MANNER,스테이지 매너
WA_MOONLIT_SERENADE,달빛의 세레나데
WA_SWING_DANCE,스윙 댄스
WA_SYMPHONY_OF_LOVER,연인들을 위한 심포니
WE_BABY,엄마 아빠 사랑해요
WE_CALLALLFAMILY,가족을 부르는 소리
WE_CALLBABY,보고싶은 내 새끼
WE_CALLPARENT,보고싶은 엄마 아빠
WE_CALLPARTNER,당신이 보고싶어요
WE_CHEERUP,아빠 엄마 힘내세요
WE_FEMALE,당신을 위해 내 모든 것을
WE_MALE,나의 영원한 사랑을 당신에게
WE_ONEFOREVER,우린 영원히 함께 하는거야
WH_ADVANCED_TRAP,어드밴스드 트랩
WH_CALAMITYGALE,캘러미티 게일
WH_CRESCIVE_BOLT,크레시브 볼트
WH_DEEPBLINDTRAP,딥 블라인드 트랩
WH_FLAMETRAP,플레임 트랩
WH_GALESTORM,게일 스톰
WH_HAWKBOOMERANG,호크 부메랑
WH_HAWKRUSH,호크 러쉬
WH_HAWK_M,호크 마스터리
WH_NATUREFRIENDLY,네이쳐 친화
WH_SOLIDTRAP,솔리드 트랩
WH_SWIFTTRAP,스위프트 트랩
WH_WIND_SIGN,윈드 사인
WL_CHAINLIGHTNING,체인 라이트닝
WL_COMET,커멧
WL_CRIMSONROCK,크림슨 록
WL_DRAINLIFE,드레인 라이프
WL_EARTHSTRAIN,어스 스트레인
WL_FREEZE_SP,프리즈 스펠
WL_FROSTMISTY,프로스트 미스티
WL_HELLINFERNO,헬 인페르노
WL_JACKFROST,잭 프로스트
WL_MARSHOFABYSS,마쉬 오브 어비스
WL_RADIUS,라디우스
WL_READING_SB,리딩 스펠북
WL_RECOGNIZEDSPELL,리코그나이즈드 스펠
WL_RELEASE,릴리즈
WL_SIENNAEXECRATE,시에나 엑세크레이트
WL_SOULEXPANSION,소울 익스팬션
WL_STASIS,스테이시스
WL_SUMMONBL,서먼 라이트닝 록
WL_SUMMONFB,서먼 파이어 볼
WL_SUMMONSTONE,서먼 스톤
WL_SUMMONWB,서먼 워터 볼
WL_TELEKINESIS_INTENSE,텔레키네시스 인텐스
WL_TETRAVORTEX,테트라 볼텍스
WL_WHITEIMPRISON,화이트 임프리즌
WM_BEYOND_OF_WARCRY,전장의 메아리
WM_DANCE_WITH_WUG,댄스 위드 워그
WM_DEADHILLHERE,죽음의 골짜기
WM_FRIGG_SONG,프리그의 노래
WM_GLOOMYDAY,우울한 날
WM_GREAT_ECHO,그레이트 에코
WM_LERADS_DEW,레라드의 이슬
WM_LESSON,레슨
WM_LULLABY_DEEPSLEEP,자장가 깊은 잠
WM_MELODYOFSINK,가라앉는 멜로디
WM_METALICSOUND,메탈릭 사운드
WM_POEMOFNETHERWORLD,저승의 시
WM_RANDOMIZESPELL,랜더마이즈 스펠
WM_REVERBERATION,리버브레이션
WM_SATURDAY_NIGHT_FEVER,새터데이 나이트 피버
WM_SEVERE_RAINSTORM,서비어 레인스톰
WM_SIRCLEOFNATURE,서클 오브 네이쳐
WM_SONG_OF_MANA,마나의 노래
WM_SOUND_OF_DESTRUCTION,사운드 오브 디스트럭션
WM_UNLIMITED_HUMMING_VOICE,언리미티드 허밍 보이스
WM_VOICEOFSIREN,보이스 오브 세이렌
WS_CARTBOOST,카트 부스트
WS_CARTTERMINATION,카트 터미네이션
WS_CREATECOIN,코인 생성
WS_CREATENUGGET,너겟 생성
WS_MELTDOWN,멜트다운
WS_OVERTHRUSTMAX,오버트러스트 맥스
WS_SYSTEMCREATE,시스템 크리에이트
WS_WEAPONREFINE,웨폰 리파인
WZ_EARTHSPIKE,어스 스파이크
WZ_ESTIMATION,몬스터 정보
WZ_FIREIVY,파이어 아이비
WZ_FIREPILLAR,파이어 필라
WZ_FROSTNOVA,프로스트 노바
WZ_HEAVENDRIVE,헤븐즈 드라이브
WZ_ICEWALL,아이스 월
WZ_JUPITEL,유피텔 썬더
WZ_METEOR,메테오 스톰
WZ_QUAGMIRE,콰그마이어
WZ_SIGHTBLASTER,사이트 블래스터
WZ_SIGHTRASHER,사이트래셔
WZ_STORMGUST,스톰 가스트
WZ_VERMILION,로드 오브 버밀리온
WZ_WATERBALL,워터 볼
RK_STORMBLAST,스톰 블래스트
